{"Name":"BMW","Price":150000,"Markup":0.5,"Amount":40}
{"Name":"Audi","Price":200000,"Markup":0.55000000000000004,"Amount":45}
{"Name":"BMW","Price":175000,"Markup":0.59999999999999998,"Amount":50}
{"Name":"Samsung","Price":87000,"Markup":0.29999999999999999,"Amount":100500}
{"Name":"Apple","Price":100000,"Markup":0.34999999999999998,"Amount":4500}
{"Name":"Nokia","Price":7500,"Markup":0.28999999999999998,"Amount":10}
{"Name":"Rolex","Price":2550001,"Markup":0.75,"Amount":35}
{"Name":"Ziko","Price":2550,"Markup":0.20000000000000001,"Amount":30000}
{"Name":"Rolex","Price":450000,"Markup":0.89000000000000001,"Amount":28}
